EmployeeID,First_Name,Last_Name,Phone_Number,Start_Date,End_Date,ShopID,Salary
1,Paige,Molina,+77772867825,2023-02-13,2023-07-04,1,214194
2,Heather,Zuniga,+77775108603,2020-05-25,2020-09-21,8,143158
3,Alicia,Patrick,+77772719583,2023-04-02,2023-04-10,22,355929
4,Olivia,Rodriguez,+77772458591,2020-04-26,2020-08-18,19,291208
5,Shannon,Campbell,+77771533224,2023-04-27,2023-06-29,1,119123
6,James,Chambers,+77774668136,2022-12-01,2023-08-13,8,334951
7,Pamela,Duran,+77771445199,2020-05-16,2023-03-25,18,174248
8,Nicole,Thompson,+77778038374,2019-04-16,2022-06-29,8,305514
9,Audrey,Schroeder,+77775667265,2022-12-29,2023-11-25,1,153707
10,Patricia,Nichols,+77778090293,2022-10-24,2023-07-29,11,215684
11,Lucas,Williams,+77773608513,2022-05-02,2023-05-23,7,246472
12,John,Smith,+77772714803,2022-03-07,2023-01-16,3,269191
13,Darryl,Moore,+77772622631,2019-05-11,2022-02-21,12,250331
14,Daniel,Short,+77775437923,2023-04-03,2023-05-03,2,310870
15,Ryan,Myers,+77779996414,2020-02-01,2023-04-11,4,268461
16,Nancy,Elliott,+77772322047,2021-04-12,2023-11-20,18,223709
17,John,Sutton,+77777067228,2023-07-20,2023-11-15,19,170814
18,Reginald,Parrish,+77772166941,2020-06-07,2021-04-06,2,189484
19,Robin,Cooke,+77775855124,2022-11-25,2023-08-30,3,192049
20,Destiny,Anderson,+77772694522,2018-12-19,2023-08-07,13,215738
21,Karl,Grant,+77778606962,2020-08-17,2023-06-01,21,261277
22,Jeffery,Sawyer,+77773728882,2019-03-02,2020-10-27,12,256264
23,Craig,Mitchell,+77774514944,2023-04-22,2023-08-31,22,209973
24,Travis,Myers,+77772197935,2023-03-30,2023-07-21,20,159725
25,Theresa,Smith,+77779961380,2022-03-27,2022-11-24,24,198351
26,Aaron,Grant,+77773741438,2018-12-26,2021-11-29,15,268943
27,Gina,Romero,+77775528972,2020-08-23,2023-03-25,21,362002
28,Marvin,Sherman,+77774684531,2023-02-20,2023-11-10,22,240017
29,Sharon,Gibbs,+77771938483,2023-01-15,2023-04-25,8,86829
30,Juan,Wade,+77776292423,2020-05-06,2023-07-26,13,210373
31,Michele,Jordan,+77772110460,2023-09-08,2023-11-04,7,367365
32,Jesse,Rice,+77776279418,2023-05-17,2023-07-02,7,331740
33,Deborah,Oconnor,+77777637601,2020-02-25,2023-06-12,21,310570
34,Nicholas,Foster,+77773396987,2020-07-09,2023-09-14,9,143206
35,Christopher,Anderson,+77775137722,2022-01-25,2023-10-02,24,364318
36,Judith,Griffin,+77775408072,2019-07-03,2020-01-12,24,376491
37,Erin,Ellis,+77778187926,2021-03-19,2022-11-20,19,279400
38,Kathleen,Garrett,+77777073292,2022-11-27,2023-03-19,8,142525
39,Pamela,Ray,+77779548432,2020-02-14,2021-08-16,16,117662
40,Mary,Lewis,+77771790481,2020-08-01,2022-01-26,4,150132
41,Thomas,James,+77773684052,2023-10-02,2023-10-18,22,291333
42,Kelly,Davis,+77772065818,2018-12-28,2022-05-19,13,270078
43,James,Vincent,+77778852574,2021-01-11,2022-12-29,17,201813
44,Gary,West,+77771192619,2021-12-12,2023-11-14,22,130058
45,Linda,Flores,+77775476583,2023-04-26,2023-08-13,25,248349
46,Elizabeth,Evans,+77772871534,2018-12-04,2023-01-10,10,297942
47,Brittany,Moore,+77773653446,2019-10-19,2020-07-24,15,71701
48,Alexandra,Small,+77775418934,2022-11-30,2022-12-09,17,163665
49,Larry,Griffin,+77779517485,2021-06-25,2022-01-01,4,226471
50,Jessica,Wiley,+77779517169,2021-02-14,2021-10-29,20,174286
51,Wesley,Williams,+77773564217,2020-12-06,2022-11-17,12,154698
52,Adrian,Colon,+77779897858,2019-11-23,2020-11-30,1,239951
53,Kelly,Bauer,+77779197443,2021-05-03,2023-11-20,1,128650
54,Bradley,Murray,+77777089806,2019-06-29,2022-04-08,10,195541
55,Summer,Cooper,+77771971823,2022-12-21,2023-07-11,8,367458
56,Mark,Ford,+77772321324,2020-11-03,2023-05-07,3,324798
57,Katherine,Roberts,+77772161193,2020-05-23,2020-06-19,25,349291
58,Brittany,Mitchell,+77773109911,2020-11-23,2022-08-16,5,319184
59,Krista,Miller,+77773770370,2020-11-26,2021-10-21,9,346653
60,Katie,Wright,+77778099076,2020-01-21,2023-03-08,7,352746
61,Ariana,Walsh,+77774374754,2022-08-01,2022-12-26,23,233429
62,David,Carter,+77777693979,2019-01-28,2023-01-29,22,265779
63,Andrew,Boyd,+77778350099,2023-06-23,2023-10-15,17,306708
64,Elizabeth,Harris,+77773030113,2020-07-11,2022-05-10,8,187806
65,Michael,Green,+77772074176,2021-02-25,2021-06-12,11,81028
66,Kenneth,Duncan,+77774860684,2020-01-26,2022-12-22,19,185457
67,Derrick,Melendez,+77771120642,2020-01-06,2020-07-07,3,100866
68,Anita,Smith,+77774841005,2023-06-08,2023-11-20,3,86469
69,Daniel,Parker,+77776543670,2019-01-17,2023-08-16,3,339565
70,Elizabeth,Clark,+77774993055,2022-04-13,2023-02-17,9,324496
71,Keith,Waller,+77774594297,2019-07-22,2022-12-24,18,139369
72,Sara,Liu,+77778930103,2020-04-18,2023-02-01,8,317974
73,Bobby,Lawrence,+77777829332,2023-10-12,2023-11-03,7,119453
74,Jonathan,Webb,+77772626229,2023-05-28,2023-06-06,22,295994
75,Scott,Wallace,+77776944126,2020-12-05,2021-12-16,14,285535
76,John,Cruz,+77778835373,2022-01-14,2023-01-01,24,98401
77,Rebecca,Mclaughlin,+77772651177,2019-05-02,2022-08-28,2,281089
78,Darin,Mcconnell,+77776692553,2020-06-05,2022-06-20,4,200367
79,Sherry,Marshall,+77774214348,2018-12-03,2023-01-20,7,351168
80,James,Jones,+77778526486,2020-05-19,2021-07-23,5,291187
81,Ronald,Swanson,+77774078418,2019-11-28,2023-05-04,9,312550
82,Michael,Adams,+77775191056,2021-01-31,2023-05-13,3,302328
83,Kenneth,Sandoval,+77772642635,2021-09-11,2023-10-28,2,353423
84,Andrea,Allen,+77771247595,2021-11-25,2023-06-13,3,193930
85,James,Todd,+77773790237,2019-10-14,2023-03-22,14,324615
86,Christopher,Petty,+77779075854,2020-04-03,2023-05-22,7,280260
87,Tammy,Martin,+77771983738,2019-03-16,2023-07-01,6,268691
88,Sarah,Kim,+77771036161,2021-05-14,2022-11-13,13,209042
89,Joseph,Rosario,+77778633773,2020-06-03,2022-06-18,10,291777
90,John,Riddle,+77779164991,2023-01-06,2023-04-14,5,169561
91,Caleb,Chapman,+77775977931,2022-10-28,2023-11-21,7,100662
92,Bradley,Hill,+77772022698,2022-04-27,2022-07-14,24,234419
93,Philip,Jones,+77771959074,2020-03-02,2021-09-12,2,376277
94,Melissa,Douglas,+77778999183,2021-07-25,2021-11-08,17,348463
95,Matthew,Knight,+77773641282,2021-03-09,2023-05-17,2,336248
96,Stephen,Saunders,+77772344047,2020-05-30,2023-08-07,6,105924
97,Michael,Morrison,+77772140194,2023-07-14,2023-11-02,22,193314
98,Stacy,Bishop,+77777774229,2019-12-20,2022-10-18,4,368673
99,Steven,Brown,+77775130808,2020-07-08,2020-10-20,19,90836
100,Anthony,Christensen,+77772375453,2020-03-19,2021-10-29,14,376012
101,William,Dalton,+77779770838,2021-04-02,2023-10-11,11,206716
102,Samuel,Bennett,+77774426900,2021-10-12,2023-03-07,22,234722
103,Rebecca,Johnson,+77775004485,2022-01-30,2022-03-30,9,277505
104,Christopher,Wilson,+77773195773,2023-01-16,2023-07-15,22,227284
105,Linda,Walsh,+77778670955,2019-09-20,2022-11-08,11,108033
106,Kimberly,Young,+77771156287,2021-06-09,2021-12-15,15,365170
107,Bianca,Oliver,+77772677407,2021-02-21,2023-06-28,3,351875
108,Lindsey,Brown,+77774576135,2020-11-22,2020-12-17,17,209041
109,Travis,Murillo,+77773222252,2019-11-02,2022-11-07,12,106066
110,Charles,Clark,+77775098412,2023-03-18,2023-11-25,12,219415
111,Jonathan,Henry,+77773646552,2020-02-08,2023-05-30,15,354802
112,Kevin,Jones,+77776075395,2021-05-02,2022-10-11,20,347317
113,Brandon,Harvey,+77771131249,2022-08-21,2023-09-23,22,360771
114,Cheryl,Barnes,+77776022741,2023-09-12,2023-11-04,22,124309
115,Mike,Park,+77773253031,2022-09-06,2023-07-25,9,130517
116,Ricky,Griffin,+77772795765,2023-06-29,2023-07-21,24,360048
117,William,Page,+77773607983,2019-03-15,2023-06-21,9,217721
118,Joseph,Owens,+77774533779,2020-12-04,2023-01-16,23,249768
119,Kyle,Johnson,+77774415796,2020-10-05,2022-07-02,22,208403
120,Andrew,Crawford,+77779479356,2020-09-17,2021-04-23,16,201659
121,William,Clayton,+77771852264,2019-08-12,2019-09-20,3,292075
122,Makayla,Rich,+77775641923,2023-01-01,2023-02-24,2,71858
123,Christopher,Torres,+77776596150,2021-03-28,2022-10-08,25,138587
124,Erica,Case,+77775394880,2021-07-13,2022-03-29,6,301649
125,Robert,Andrews,+77778175395,2020-04-21,2022-05-20,18,75069
126,Crystal,Carroll,+77772876932,2020-06-27,2020-08-10,3,148147
127,Amanda,Lee,+77771604451,2021-04-18,2021-11-10,12,375402
128,Shane,Moore,+77773484601,2020-12-01,2022-06-30,14,136818
129,Daniel,Wheeler,+77771701771,2022-04-27,2023-02-08,10,261182
130,Bruce,Yang,+77771669324,2020-08-17,2023-07-27,12,180140
131,Jesse,Moore,+77775186414,2020-01-01,2021-10-23,22,123893
132,Sarah,Wilson,+77776933742,2020-07-28,2021-07-04,25,363540
133,Jesse,Brown,+77777817881,2021-02-14,2022-12-10,20,151030
134,Jacqueline,Hale,+77774971793,2021-10-27,2022-01-03,6,162826
135,Lisa,Barnes,+77777917152,2019-09-22,2020-04-26,1,164036
136,Joshua,Ruiz,+77776573147,2020-03-12,2023-05-23,14,200111
137,Jason,Miller,+77775476257,2022-11-28,2023-02-28,6,126673
138,Kimberly,Rivera,+77777417985,2020-02-18,2023-08-23,2,316777
139,Marcus,Mccarthy,+77774731818,2020-06-17,2023-07-03,7,311331
140,Dylan,Barrera,+77776866294,2022-01-30,2022-02-06,10,189325
141,William,Smith,+77774740036,2020-12-08,2022-01-07,1,171255
142,Ronald,Johnson,+77777685149,2023-04-29,2023-06-20,11,216068
143,Scott,Henson,+77772164686,2020-05-09,2022-06-13,25,216341
144,Samantha,Murray,+77776891254,2019-05-28,2021-01-04,21,337075
145,Holly,Fisher,+77777705490,2022-02-10,2023-09-05,22,351131
146,Ellen,Hatfield,+77776555772,2022-09-22,2022-11-04,1,130472
147,Kimberly,Murphy,+77775382463,2019-06-28,2023-06-02,6,374396
148,Robert,Hernandez,+77775453786,2023-10-29,2023-11-13,2,126834
149,Daniel,Scott,+77778290770,2022-06-13,2022-08-23,12,234457
150,Alyssa,Acosta,+77778321474,2019-09-12,2021-07-10,20,338132
151,Rebecca,Reid,+77772940214,2021-03-27,2021-08-16,13,372298
152,David,Peterson,+77774188992,2021-09-10,2023-02-08,9,93271
153,Jonathan,Greer,+77778315831,2021-05-23,2021-09-02,1,342587
154,Elizabeth,Campbell,+77774305700,2019-12-03,2023-02-16,12,296124
155,Christopher,Garcia,+77772173965,2021-03-21,2022-08-21,22,243119
156,Sally,Tyler,+77776266630,2019-10-30,2021-01-23,22,135339
157,David,Jones,+77776038571,2020-10-22,2023-07-16,17,232154
158,Nicole,Blankenship,+77777851696,2023-07-24,2023-09-01,11,280973
159,John,Bell,+77775960271,2023-09-26,2023-10-22,18,136735
160,Warren,Perez,+77774218542,2020-07-09,2022-02-21,14,268781
161,Melanie,Lopez,+77773919694,2023-05-03,2023-10-21,20,368375
162,Daniel,Howe,+77776049101,2020-05-24,2021-03-25,13,357276
163,Nancy,Campbell,+77771006810,2020-05-04,2021-07-11,10,220425
164,Brittany,Baker,+77774526280,2021-04-20,2022-07-25,14,374079
165,Isaac,Jones,+77776406444,2020-02-11,2022-08-08,15,301623
166,Daniel,Clements,+77778418210,2019-11-14,2021-11-01,22,182041
167,Janet,Davis,+77779576076,2019-09-04,2020-07-06,16,158967
168,Eric,Williams,+77772422633,2023-09-06,2023-11-21,10,340245
169,Adam,Turner,+77776623525,2021-06-08,2021-10-25,3,193138
170,Tina,Watts,+77776207974,2019-03-20,2022-11-13,8,174401
171,Linda,Dean,+77773472189,2023-06-17,2023-09-28,1,94229
172,Andrew,Perez,+77775107776,2022-08-07,2023-06-30,16,108182
173,Sandy,Stephens,+77778640615,2021-06-20,2022-05-04,14,371817
174,Shaun,Crawford,+77774262081,2021-08-17,2022-06-30,23,271315
175,Emily,Mcfarland,+77779294272,2022-03-25,2023-06-18,13,197918
176,Amanda,Price,+77773475836,2023-08-26,2023-10-09,21,72907
177,Jeffrey,Ryan,+77772788238,2021-04-18,2023-10-17,25,292899
178,Pamela,Smith,+77774671545,2020-08-06,2023-09-27,6,341559
179,Desiree,Thompson,+77778793853,2021-07-13,2022-11-05,2,362241
180,Scott,Jones,+77775180853,2021-03-13,2022-03-31,4,309317
181,Rachel,Hansen,+77773237058,2020-12-27,2023-03-11,15,348466
182,Kristin,Allen,+77776323376,2023-03-02,2023-09-23,25,302035
183,Kristen,Brooks,+77779468772,2021-02-19,2021-09-12,14,357242
184,Isaiah,Fox,+77778481188,2020-06-18,2020-09-30,6,318866
185,Matthew,Marshall,+77778550917,2022-07-06,2022-09-24,9,199624
186,Meagan,Thompson,+77775652512,2023-08-04,2023-10-02,25,343311
187,Michael,Austin,+77779130188,2019-07-28,2023-07-14,21,195433
188,Andrea,Evans,+77775606980,2020-01-21,2023-05-06,15,110623
189,Rachel,Barnes,+77775793722,2022-12-14,2023-06-03,8,212456
190,David,Hess,+77776634586,2021-01-18,2022-08-31,11,353195
191,Rodney,Rodriguez,+77772351868,2021-03-16,2023-01-24,5,149078
192,Calvin,Oconnell,+77774879923,2023-07-16,2023-10-31,13,150113
193,Rebecca,Hawkins,+77774589533,2021-03-04,2021-08-27,3,287510
194,Anthony,Johnson,+77777838382,2019-08-08,2021-08-05,11,354484
195,Todd,Cox,+77778816912,2023-07-16,2023-09-30,14,102645
196,Richard,Boyer,+77774470105,2022-02-27,2023-02-20,14,274198
197,Michele,Davis,+77771327691,2020-02-24,2020-11-10,25,371827
198,Kimberly,Moore,+77777381734,2020-10-01,2021-10-25,16,73091
199,Catherine,Knight,+77776901533,2019-02-27,2023-01-25,10,274465
200,Samantha,Summers,+77778030010,2022-10-19,2023-09-13,18,356330
201,George,Newman,+77774700025,2021-06-19,2023-05-16,16,185040
202,Ray,Moreno,+77775579094,2019-03-31,2022-11-13,14,324616
203,Timothy,Thomas,+77771486955,2022-02-21,2022-05-03,13,246228
204,Richard,Ross,+77777783308,2020-02-18,2022-07-31,24,156530
205,Crystal,Davis,+77778841505,2023-02-04,2023-06-29,5,350034
206,Steven,Clark,+77771452421,2019-11-02,2021-01-09,13,365903
207,Andrea,Andrews,+77771454696,2019-10-06,2022-05-16,3,294716
208,Joshua,Dudley,+77773276659,2022-09-06,2023-11-21,15,165278
209,Paul,Mclaughlin,+77771843636,2023-06-15,2023-08-09,9,268759
210,Mark,Sharp,+77776492066,2021-11-22,2023-07-04,7,308393
211,Tiffany,Maxwell,+77776483562,2018-12-13,2023-05-24,11,268771
212,Carly,Robertson,+77775668371,2022-11-04,2023-08-17,25,291021
213,Rachel,Olson,+77775232413,2020-05-25,2021-03-27,3,316576
214,Brett,Perez,+77771325197,2020-09-07,2021-01-21,24,352810
215,Rachel,Leach,+77771873851,2022-01-01,2022-05-08,12,187556
216,Joshua,Jones,+77772151225,2021-10-16,2023-01-14,25,91106
217,Jody,Butler,+77771520596,2019-05-05,2022-04-17,8,174522
218,Eric,Gray,+77771341919,2022-11-10,2023-05-08,20,149892
219,Hector,Cohen,+77775002120,2021-11-26,2022-12-22,5,318282
220,Brian,Reynolds,+77772919136,2019-12-17,2023-06-01,19,184276
221,Scott,Jackson,+77778801975,2020-11-25,2022-12-14,23,204345
222,Carlos,Huff,+77777189034,2022-02-25,2023-01-22,6,130048
223,Amber,Gaines,+77773747534,2019-07-04,2023-10-09,10,126674
224,Christopher,Taylor,+77771430812,2023-07-24,2023-08-29,10,371883
225,Gary,Chapman,+77777296605,2023-11-24,2023-11-24,13,173981
226,Jason,Bradley,+77772275009,2023-05-23,2023-07-26,19,197323
227,Samantha,Diaz,+77772709620,2023-01-12,2023-05-16,23,228116
228,Brian,Garcia,+77773030966,2020-04-06,2023-01-27,19,91532
229,Joseph,Daniels,+77776825112,2022-04-04,2023-05-31,18,294593
230,Carlos,Jackson,+77777217147,2019-07-29,2022-05-10,3,335269
231,Margaret,Day,+77776724909,2019-02-21,2020-02-11,1,290231
232,Julie,Lowe,+77779224219,2022-10-12,2023-08-19,4,297291
233,Zachary,Jones,+77777076506,2022-02-03,2023-03-19,21,311035
234,Julie,Grant,+77773566765,2021-07-03,2022-05-17,14,162346
235,Teresa,Sullivan,+77779753457,2023-05-18,2023-09-24,21,211600
236,Benjamin,Lopez,+77779111742,2019-07-26,2022-12-31,15,298366
237,Christopher,Gonzales,+77775502929,2019-07-04,2019-08-05,11,198710
238,Joanna,Walsh,+77772453962,2021-04-02,2022-02-09,9,306350
239,Mary,Farmer,+77775091349,2021-06-16,2023-01-23,25,313641
240,Lisa,Stewart,+77777358385,2019-01-10,2020-04-18,11,85047
241,Christopher,Patel,+77779293086,2023-07-19,2023-09-22,11,165336
242,Melody,Butler,+77779179730,2022-08-20,2023-10-14,7,256030
243,Hunter,Young,+77775334434,2022-08-20,2023-11-07,11,216621
244,Kara,Curtis,+77775635017,2019-08-29,2022-09-24,18,75322
245,Jennifer,Wade,+77779667566,2018-12-17,2019-05-04,7,114885
246,Bobby,Greene,+77775049282,2023-08-31,2023-10-12,24,283085
247,Ethan,Gomez,+77779196976,2023-04-18,2023-11-17,18,195998
248,James,Holland,+77778987516,2020-05-11,2020-07-14,21,327331
249,Stephen,Lucero,+77778519121,2019-12-09,2021-05-09,1,118786
250,Juan,Walker,+77775936453,2022-09-25,2023-04-16,8,282022
251,James,Mcdaniel,+77775081983,2021-10-06,2022-02-06,10,374902
252,Brenda,Roach,+77777191135,2020-03-15,2020-09-09,16,360179
253,Benjamin,Johnson,+77779907391,2019-06-11,2021-12-23,12,293086
254,Alexandra,Powell,+77776549757,2021-10-21,2023-09-21,12,307893
255,Linda,Hughes,+77775545223,2022-01-01,2022-07-05,10,201807
256,Peter,Marks,+77774867786,2019-07-01,2019-08-03,4,170969
257,Maureen,Miller,+77776294016,2019-07-23,2023-05-30,4,350947
258,Alicia,Morris,+77774106298,2022-05-08,2023-01-25,7,183447
259,Jacob,Robinson,+77779123504,2021-07-03,2021-07-13,9,379113
260,Ruth,Jackson,+77779801946,2023-09-21,2023-11-14,20,218372
261,Tristan,Gonzalez,+77772686548,2019-01-08,2022-12-04,7,225318
262,Donald,Mccormick,+77774816534,2018-12-15,2020-01-20,12,164079
263,Robin,Brennan,+77776071208,2022-03-16,2023-01-16,1,350040
264,Clinton,Thomas,+77773123709,2019-12-29,2023-07-05,9,93863
265,Bethany,Scott,+77771914794,2019-01-31,2021-10-14,18,223163
266,Erin,Newton,+77773118618,2022-09-30,2023-06-22,21,327361
267,David,Hunter,+77772721135,2020-12-16,2022-06-20,1,370974
268,Amanda,Miller,+77775770422,2019-07-20,2022-07-09,16,320984
269,Rebecca,Sullivan,+77778389840,2021-06-25,2021-10-10,11,166659
270,Melissa,Baker,+77771861958,2022-02-20,2022-10-31,9,320467
271,Tyler,Wright,+77772914064,2023-08-09,2023-10-24,3,280086
272,Kirk,Russell,+77779250138,2019-03-23,2022-02-26,3,372525
273,William,Valdez,+77771899411,2020-11-24,2022-02-09,5,148222
274,Daniel,Sanders,+77776097514,2019-08-20,2023-02-27,3,200123
275,Aaron,Hart,+77772987287,2022-01-17,2023-08-29,18,288195
276,Andrew,Powell,+77774786401,2020-12-02,2022-08-21,25,343978
277,Gerald,Huerta,+77777381684,2020-05-18,2023-04-30,15,302113
278,Brian,Villa,+77775988757,2019-08-10,2020-10-24,19,294830
279,Brent,Brown,+77776123430,2019-06-08,2020-01-18,19,101578
280,Alyssa,Leach,+77772664863,2019-09-11,2019-09-18,25,178940
281,Dylan,Marquez,+77774540415,2020-10-21,2022-01-20,9,112565
282,Erik,Howard,+77773634980,2021-07-03,2023-03-15,8,161128
283,Miguel,Jordan,+77772259379,2023-01-25,2023-08-12,6,71402
284,Paul,Thompson,+77777853787,2020-10-06,2020-11-26,15,316369
285,Christopher,Potts,+77775886520,2022-09-23,2023-04-06,2,191360
286,Christopher,Vaughn,+77775833597,2021-11-07,2022-04-28,23,218225
287,Caleb,Rodriguez,+77778617381,2022-02-26,2022-09-10,3,192381
288,Carolyn,Cooper,+77775438490,2023-08-12,2023-09-22,21,379219
289,Claudia,Bowers,+77774318855,2019-03-19,2022-02-08,14,130175
290,Johnny,Mcintyre,+77774771676,2021-08-16,2023-03-25,21,148113
291,Daniel,Parks,+77775456573,2023-02-08,2023-03-19,5,107439
292,George,Lee,+77772000560,2020-11-06,2021-07-04,6,231277
293,Samantha,Gardner,+77775842082,2021-02-08,2022-11-14,15,135197
294,Sarah,Woods,+77778863447,2020-04-08,2023-02-12,23,229431
295,Troy,Anderson,+77777752972,2022-09-06,2023-10-02,9,332391
296,Hector,Morgan,+77779284509,2021-09-22,2022-10-02,15,112174
297,Matthew,Wilkins,+77771668752,2022-04-22,2023-01-11,14,238989
298,Alyssa,Hicks,+77775200476,2020-04-18,2023-06-28,1,117881
299,Albert,Wood,+77774840714,2019-09-04,2020-02-27,22,371569
300,Matthew,Green,+77771348050,2020-03-07,2021-12-27,25,211301
301,Matthew,Gray,+77771674975,2019-03-23,2022-06-26,25,161850
302,Deanna,Blair,+77778893693,2021-01-28,2021-12-14,17,301855
303,Maurice,Jenkins,+77775666692,2023-06-20,2023-10-04,6,376881
304,Brooke,Daniels,+77778312936,2019-12-09,2020-08-10,21,327805
305,April,Wright,+77772530793,2023-07-02,2023-09-03,16,252431
306,Nicholas,Salazar,+77777850944,2021-10-08,2022-08-22,11,238326
307,Ellen,Reed,+77772754894,2023-01-29,2023-06-03,6,242912
308,Jeffrey,Conway,+77777906258,2019-06-13,2021-08-24,23,329768
309,John,Brown,+77775835492,2020-11-18,2022-11-21,22,279952
310,Robert,Villa,+77771615675,2021-09-10,2021-12-08,15,116168
311,Thomas,Wells,+77776276722,2020-03-10,2020-06-26,9,239488
312,Daniel,Franklin,+77772944841,2021-12-02,2022-06-03,25,281904
313,Tina,Cummings,+77779633492,2019-08-19,2022-06-03,1,354475
314,Jennifer,Diaz,+77778750676,2020-10-02,2021-11-16,14,98418
315,Cynthia,Haynes,+77774147112,2020-11-14,2021-05-13,17,259676
316,Caleb,Jones,+77779363326,2020-08-02,2021-09-27,21,301756
317,Amy,Villegas,+77771865901,2022-08-02,2023-02-21,7,210014
318,Monique,Smith,+77773198037,2021-03-15,2023-10-01,10,299699
319,Andrea,Rubio,+77779132114,2018-12-17,2020-04-23,4,85135
320,Monica,Leon,+77775014745,2021-04-30,2022-07-03,23,153035
321,Kelly,Schroeder,+77776213522,2019-01-11,2021-10-27,18,77169
322,Nicholas,Welch,+77777844947,2023-07-20,2023-08-23,3,187807
323,Jason,Greer,+77772903561,2019-12-06,2021-09-06,15,131586
324,Matthew,Lawson,+77773583206,2019-04-10,2020-09-15,16,223019
325,Jeffery,Wilson,+77779537455,2020-01-03,2022-02-13,23,213353
326,Megan,Morris,+77777970771,2023-10-04,2023-10-16,16,317579
327,Jamie,Schmidt,+77775089126,2023-11-17,2023-11-23,15,359021
328,Daniel,Wilson,+77773426689,2019-06-18,2021-08-14,13,169934
329,Samantha,Curtis,+77779526867,2023-11-11,2023-11-14,24,141569
330,Patrick,Miller,+77772171218,2018-12-08,2021-01-17,9,287549
331,Roberto,Alexander,+77776702160,2023-02-16,2023-11-18,17,210075
332,Antonio,Kelly,+77771043037,2020-03-25,2021-07-21,10,226529
333,Kenneth,Johnson,+77779214801,2023-05-29,2023-07-10,5,304119
334,Michael,Rivas,+77779125900,2019-06-10,2023-01-21,12,244294
335,Eddie,Jordan,+77777328534,2020-07-14,2020-09-25,15,238704
336,Gregory,Sanchez,+77774165061,2021-07-09,2021-12-20,23,195202
337,Matthew,Lin,+77777425184,2023-04-02,2023-05-01,8,285364
338,Chad,Snyder,+77771732280,2020-07-15,2021-04-15,11,317975
339,Mark,Aguilar,+77777395997,2021-11-14,2021-11-24,13,149746
340,Jacqueline,Li,+77779310235,2021-07-11,2023-07-07,2,136189
341,Richard,Torres,+77779427047,2023-03-03,2023-11-09,19,244060
342,Heidi,Tran,+77772683838,2020-08-11,2021-06-18,15,122277
343,Scott,Obrien,+77779823994,2022-10-20,2023-09-12,15,78046
344,Cathy,Padilla,+77773418526,2021-03-12,2021-08-23,14,150929
345,Jonathan,Archer,+77772255409,2023-02-22,2023-06-02,16,208948
346,David,Barnes,+77776680114,2022-09-19,2023-11-03,20,278395
347,Robert,Gregory,+77772347467,2019-06-29,2020-09-12,11,349771
348,Alejandra,Carter,+77777375499,2023-07-07,2023-09-15,11,325825
349,Eric,Smith,+77771602286,2023-07-21,2023-09-20,20,105872
350,Tyler,Willis,+77774938791,2019-01-06,2021-07-21,21,220669
351,Joan,Weaver,+77774816586,2019-03-23,2019-07-14,24,117384
352,Marisa,Wall,+77778280833,2020-01-07,2023-11-07,4,122694
353,Stephanie,White,+77778443690,2022-11-21,2023-09-24,6,227006
354,Christine,Mcdonald,+77771485654,2019-07-15,2023-07-20,2,240065
355,Tara,Barker,+77771941524,2019-02-07,2022-02-20,10,257938
356,Travis,Delgado,+77777288789,2020-06-28,2021-08-26,14,146320
357,Lisa,Mercado,+77775096953,2021-02-20,2022-06-26,17,286033
358,Ivan,Cooper,+77774020853,2021-06-27,2023-04-08,6,161786
359,Jill,Gillespie,+77772324869,2019-03-27,2023-02-06,20,270563
360,April,White,+77775040453,2020-12-15,2022-04-01,16,375742
361,Donna,Moore,+77773401116,2020-11-06,2022-06-20,8,311775
362,Michael,Huber,+77775261032,2022-02-06,2022-11-29,15,203864
363,Brandi,Simon,+77771157662,2020-06-13,2022-06-01,15,220801
364,Alexander,Thompson,+77773650391,2020-10-10,2023-09-21,3,301593
365,James,Williams,+77776797629,2023-07-02,2023-10-04,19,226842
366,Cody,Olson,+77778118722,2021-09-25,2021-09-29,23,201123
367,Joseph,Morrow,+77778664433,2021-01-27,2022-08-05,10,174447
368,Katie,Erickson,+77777454081,2020-07-25,2023-10-09,16,125917
369,Christopher,Williams,+77774979651,2022-02-25,2023-10-07,13,369852
370,Julie,Parker,+77777022335,2019-02-09,2022-12-28,19,225122
371,Courtney,Frank,+77775953150,2020-05-20,2021-04-26,1,277516
372,Aaron,Watson,+77775605016,2020-05-08,2020-12-08,1,366709
373,Bradley,Johnson,+77771822825,2022-11-03,2023-01-24,20,330428
374,Donna,Reynolds,+77775801541,2021-05-04,2022-04-14,25,190648
375,Thomas,Davis,+77776910964,2022-09-25,2023-06-13,8,169683
376,Amber,Smith,+77775204819,2019-04-09,2020-08-22,22,141711
377,Melinda,Adams,+77772630140,2020-10-10,2022-07-09,21,90668
378,Jason,Howard,+77776183033,2023-03-27,2023-09-07,15,87492
379,James,Torres,+77777121355,2022-01-28,2023-06-30,24,138897
380,Amanda,Anderson,+77772512187,2019-01-18,2020-09-16,10,241294
381,Tyler,Rogers,+77777970985,2023-10-13,2023-11-09,6,175274
382,Jacqueline,Avila,+77773217273,2020-05-12,2021-04-11,18,261814
383,Anthony,Obrien,+77779906224,2023-03-26,2023-11-18,17,212882
384,Patricia,Clark,+77773760597,2019-08-16,2022-08-04,9,322627
385,Christopher,Graham,+77775951651,2023-02-26,2023-04-13,24,247584
386,Michael,Larson,+77772932227,2019-07-06,2022-08-03,15,109478
387,Anne,Stark,+77773361510,2022-01-21,2023-03-10,25,188287
388,Dylan,Castillo,+77777667458,2021-07-11,2023-02-22,18,261771
389,Deborah,Williams,+77772515030,2023-01-04,2023-10-17,13,77297
390,Justin,Salazar,+77775436878,2023-01-30,2023-06-14,18,134796
391,Brad,Palmer,+77778630043,2021-09-13,2021-10-02,12,207448
392,Jennifer,Hall,+77777392547,2021-11-17,2022-04-16,21,264759
393,Crystal,Gilmore,+77772817745,2019-01-13,2022-11-17,22,192590
394,John,Williams,+77778910069,2021-08-28,2023-04-24,1,364339
395,Samantha,King,+77776503032,2019-08-06,2023-01-11,20,186060
396,Michael,Bell,+77772060605,2022-06-07,2023-02-23,21,313409
397,Betty,Hansen,+77776069909,2021-08-25,2021-10-16,21,284064
398,Claire,Taylor,+77772957497,2019-08-19,2020-06-21,5,93774
399,Michael,Mason,+77771624315,2020-07-27,2021-10-25,10,328277
400,Brian,Romero,+77772948178,2023-04-21,2023-05-25,4,193102
401,Robert,Robinson,+77773276065,2022-01-26,2022-06-27,13,307839
402,Michael,Blair,+77777224540,2019-06-22,2021-04-08,22,353216
403,Jennifer,Fitzpatrick,+77778031780,2021-01-25,2021-04-11,19,151014
404,Jesse,Ferrell,+77777960607,2021-04-04,2021-12-13,21,121915
405,Elizabeth,Wright,+77779209880,2021-02-12,2021-04-20,20,283970
406,Christopher,Garcia,+77775693260,2019-11-26,2022-06-24,2,264264
407,Aaron,Mahoney,+77774645180,2020-10-23,2021-01-08,15,303148
408,Virginia,Murphy,+77774961312,2019-08-28,2020-03-13,12,122090
409,Wendy,Spears,+77777162857,2019-03-11,2021-12-26,18,258048
410,Maria,Smith,+77772015861,2021-10-05,2022-05-09,13,214641
411,Darryl,Marshall,+77774184459,2022-08-28,2023-11-07,4,308402
412,Kevin,Clark,+77772538024,2023-07-09,2023-10-07,22,181204
413,Daniel,Jackson,+77771358318,2022-12-27,2023-01-26,2,244854
414,Sean,Wright,+77775086407,2023-02-09,2023-06-28,5,366001
415,Vanessa,Miller,+77774442778,2018-11-28,2020-07-26,3,360564
416,Benjamin,Jordan,+77774475523,2021-11-10,2022-03-29,19,183220
417,Gerald,Smith,+77774909069,2020-12-03,2023-11-10,11,147360
418,Steven,Morris,+77771047572,2021-02-05,2023-06-04,9,145858
419,Krystal,Henderson,+77773180906,2022-06-06,2023-07-23,18,201414
420,William,Williams,+77773927575,2019-12-20,2022-01-21,4,83516
421,Willie,Gill,+77773211291,2023-08-29,2023-11-21,1,257822
422,Rachel,Foster,+77774991829,2020-02-18,2022-03-06,19,239749
423,Justin,Hendricks,+77771264762,2019-09-28,2023-08-21,6,209129
424,Ruth,Martinez,+77771879109,2019-10-15,2022-09-13,5,290704
425,Colleen,Stone,+77779826250,2020-11-24,2021-11-05,4,103322
426,Juan,Terrell,+77778990081,2020-08-24,2020-08-28,15,259812
427,Stephanie,Jordan,+77779610704,2020-11-11,2022-11-07,19,127175
428,Denise,Hernandez,+77778583392,2020-04-02,2022-10-16,17,186155
429,Diane,James,+77771727544,2020-10-18,2021-02-02,24,343390
430,Vanessa,Baker,+77776060517,2019-12-04,2021-02-01,15,86331
431,Derek,Armstrong,+77772020480,2019-04-24,2022-12-27,16,280563
432,Amanda,Acosta,+77778151684,2021-11-06,2023-10-01,22,126603
433,Richard,Bennett,+77779225346,2023-02-28,2023-05-23,23,302554
434,Victor,Kelley,+77772232969,2019-07-25,2022-03-30,3,238879
435,Christopher,Campbell,+77773488628,2022-03-19,2023-08-18,3,136160
436,Alyssa,Wilson,+77775614002,2019-12-09,2021-02-10,20,376899
437,David,Marshall,+77776455706,2019-08-02,2020-02-04,13,348164
438,Carlos,Sexton,+77775947563,2019-06-09,2022-08-21,15,335054
439,Daniel,Rice,+77778217547,2019-11-24,2022-10-06,4,129985
440,Matthew,Long,+77774607488,2020-01-05,2021-09-19,14,306744
441,Cassidy,Curry,+77774833486,2020-04-14,2022-05-31,14,247697
442,Justin,Estrada,+77778608449,2020-05-13,2020-08-30,13,288098
443,Anthony,Ortega,+77772595275,2021-02-07,2021-06-06,11,293747
444,Jessica,Thomas,+77776243275,2022-09-18,2023-09-03,22,203635
445,Alexis,Fischer,+77777279729,2023-07-09,2023-10-18,5,318652
446,Amanda,Mccoy,+77772126310,2022-01-06,2022-07-02,3,114755
447,Nicole,Mooney,+77772564141,2018-12-25,2019-11-05,14,120627
448,Sandra,Flowers,+77777251976,2020-02-26,2021-09-23,5,361698
449,Paul,Owens,+77772006313,2023-06-06,2023-10-24,19,364433
450,Amber,Salazar,+77776530541,2020-03-09,2020-08-25,22,134084
451,Brian,Maldonado,+77777892225,2021-05-20,2022-10-05,12,291740
452,Theodore,Mathis,+77771863121,2022-04-14,2023-08-01,10,233813
453,Andrew,Freeman,+77776899644,2019-03-29,2019-05-06,4,372995
454,Stephen,Williams,+77779512969,2023-09-18,2023-10-25,7,151123
455,Samantha,Thompson,+77779089795,2021-08-26,2022-12-01,8,126737
456,Matthew,Lee,+77776873938,2019-05-24,2020-12-15,18,262707
457,Renee,Rice,+77772927455,2022-12-01,2023-01-23,25,216049
458,Mary,Berg,+77774794319,2022-12-21,2023-10-17,14,364107
459,Amber,Chen,+77771440466,2022-06-24,2023-01-14,20,210219
460,Robert,Hayes,+77771485753,2019-03-22,2019-05-14,6,213272
461,Ebony,Phillips,+77776183902,2020-02-12,2021-12-28,11,254037
462,Justin,James,+77771102438,2023-03-20,2023-10-24,6,145105
463,Shannon,Jackson,+77777724045,2020-06-28,2021-09-09,3,144383
464,Toni,Gonzalez,+77771514340,2019-08-07,2021-08-26,3,348125
465,Mary,Carter,+77774609330,2020-09-29,2021-01-21,13,290113
466,Robert,Andrews,+77778610913,2023-06-01,2023-07-11,11,152527
467,Bryan,Johnson,+77777208460,2020-08-11,2023-06-06,10,240070
468,Becky,Gardner,+77772425342,2022-04-22,2022-11-01,2,151568
469,Katherine,Garcia,+77773640899,2022-02-10,2023-06-08,25,96089
470,Barbara,Hahn,+77772368710,2022-05-02,2023-07-05,9,302318
471,George,Vincent,+77778113787,2020-08-17,2022-01-31,16,301758
472,Edward,Kent,+77777948850,2022-07-07,2022-12-14,9,183020
473,Charles,Garcia,+77779595744,2021-03-18,2023-11-25,4,250969
474,Robert,Franklin,+77778212753,2023-02-28,2023-04-15,4,218502
475,Kathryn,Fletcher,+77779164342,2020-06-20,2023-04-26,17,231700
476,Jennifer,Chambers,+77771761976,2023-09-03,2023-09-05,8,277231
477,Jennifer,George,+77771919088,2021-09-04,2023-10-19,1,177176
478,Randy,Hanson,+77776056977,2022-09-12,2023-03-11,7,141950
479,Vanessa,Gomez,+77775286905,2021-09-12,2023-03-17,10,242030
480,Brad,Ellis,+77773013003,2019-06-26,2022-01-04,1,330773
481,Dawn,Cross,+77778225192,2019-10-10,2020-07-29,6,137730
482,Luis,Porter,+77777378822,2020-12-22,2021-04-19,18,190644
483,Kathleen,Haley,+77779393009,2020-05-07,2021-02-26,18,255685
484,Katherine,Smith,+77772209226,2020-02-01,2022-08-25,13,92178
485,Brittany,Ingram,+77778318550,2020-12-09,2023-09-02,1,311043
486,Sherri,Hill,+77772306317,2021-12-25,2022-12-30,11,371863
487,David,Perez,+77778202195,2021-06-16,2023-09-03,19,282034
488,Victoria,Glenn,+77778007741,2020-03-11,2023-06-05,10,130384
489,Robert,Hart,+77777795314,2020-12-16,2023-10-15,1,240272
490,Aaron,Powell,+77773883553,2021-08-19,2023-08-22,20,311223
491,Jason,Garrett,+77777070880,2021-03-07,2021-12-04,3,298962
492,Scott,Hudson,+77772776088,2023-03-04,2023-06-07,8,298419
493,Kimberly,Shepard,+77777718433,2022-08-03,2023-08-16,17,111233
494,Logan,Terry,+77777639863,2021-03-31,2023-10-21,10,248002
495,Eric,Wood,+77774717362,2022-11-27,2023-09-09,11,158149
496,Eric,Holt,+77772281433,2023-03-23,2023-07-07,17,129782
497,Susan,Powell,+77779902071,2022-12-02,2022-12-20,17,171661
498,Michael,Booth,+77776861544,2021-09-20,2023-06-16,12,147432
499,Michelle,Baker,+77774963933,2021-03-07,2023-06-19,4,146778
500,Lisa,Bailey,+77775294434,2019-08-14,2022-08-27,7,160963
